-- phpMyAdmin SQL Dump
-- version 4.9.0.1
-- https://www.phpmyadmin.net/
--
-- Host: 127.0.0.1
-- Generation Time: Jul 20, 2020 at 05:33 PM
-- Server version: 10.4.6-MariaDB
-- PHP Version: 7.3.9

SET SQL_MODE = "NO_AUTO_VALUE_ON_ZERO";
SET AUTOCOMMIT = 0;
START TRANSACTION;
SET time_zone = "+00:00";


/*!40101 SET @OLD_CHARACTER_SET_CLIENT=@@CHARACTER_SET_CLIENT */;
/*!40101 SET @OLD_CHARACTER_SET_RESULTS=@@CHARACTER_SET_RESULTS */;
/*!40101 SET @OLD_COLLATION_CONNECTION=@@COLLATION_CONNECTION */;
/*!40101 SET NAMES utf8mb4 */;

--
-- Database: `db_saw`
--

-- --------------------------------------------------------

--
-- Table structure for table `company`
--

CREATE TABLE `company` (
  `id` int(11) NOT NULL,
  `name` varchar(100) NOT NULL,
  `author` varchar(250) NOT NULL,
  `email` varchar(100) NOT NULL,
  `prodi` varchar(100) NOT NULL,
  `logo` varchar(125) NOT NULL,
  `favicon` varchar(125) NOT NULL,
  `created_at` datetime NOT NULL,
  `updated_at` timestamp NOT NULL DEFAULT current_timestamp(),
  `deleted_at` datetime DEFAULT NULL
) ENGINE=InnoDB DEFAULT CHARSET=latin1;

--
-- Dumping data for table `company`
--

INSERT INTO `company` (`id`, `name`, `author`, `email`, `prodi`, `logo`, `favicon`, `created_at`, `updated_at`, `deleted_at`) VALUES
(1, 'SPK SAW MAUT', 'STMIK Kharisma', 'diah@gmail.com', '+6287783169538', '', 'app_mwk_15651990151.png', '2019-08-05 00:00:00', '2019-09-11 08:49:50', NULL);

-- --------------------------------------------------------

--
-- Table structure for table `maut_normalisasi`
--

CREATE TABLE `maut_normalisasi` (
  `id` int(2) NOT NULL,
  `id_alternatif` varchar(3) NOT NULL,
  `id_kriteria` varchar(2) NOT NULL,
  `nilai` double DEFAULT 0
) ENGINE=InnoDB DEFAULT CHARSET=latin1;

--
-- Dumping data for table `maut_normalisasi`
--

INSERT INTO `maut_normalisasi` (`id`, `id_alternatif`, `id_kriteria`, `nilai`) VALUES
(1, 'A01', 'C1', 0.55),
(2, 'A01', 'C2', 0.75),
(3, 'A01', 'C3', 0.55),
(4, 'A01', 'C4', 0.75),
(5, 'A01', 'C5', 0.8),
(6, 'A01', 'C6', 0.8),
(7, 'A02', 'C1', 0.55),
(8, 'A02', 'C2', 0.75),
(9, 'A02', 'C3', 0.55),
(10, 'A02', 'C4', 0.75),
(11, 'A02', 'C5', 0.8),
(12, 'A02', 'C6', 0.8),
(13, 'A03', 'C1', 0.5),
(14, 'A03', 'C2', 0.5),
(15, 'A03', 'C3', 0.5),
(16, 'A03', 'C4', 0.5),
(17, 'A03', 'C5', 0.5),
(18, 'A03', 'C6', 0.55),
(19, 'A04', 'C1', 0.5),
(20, 'A04', 'C2', 0.75),
(21, 'A04', 'C3', 0.55),
(22, 'A04', 'C4', 0.75),
(23, 'A04', 'C5', 0.75),
(24, 'A04', 'C6', 0.9),
(25, 'A05', 'C1', 0.5),
(26, 'A05', 'C2', 0.55),
(27, 'A05', 'C3', 0.5),
(28, 'A05', 'C4', 0.5),
(29, 'A05', 'C5', 0.5),
(30, 'A05', 'C6', 0.75),
(31, 'A06', 'C1', 0.5),
(32, 'A06', 'C2', 0.8),
(33, 'A06', 'C3', 0.75),
(34, 'A06', 'C4', 0.5),
(35, 'A06', 'C5', 0.75),
(36, 'A06', 'C6', 0.8),
(37, 'A07', 'C1', 0.5),
(38, 'A07', 'C2', 0.5),
(39, 'A07', 'C3', 0.5),
(40, 'A07', 'C4', 0.5),
(41, 'A07', 'C5', 0.5),
(42, 'A07', 'C6', 0.8),
(43, 'A08', 'C1', 0.5),
(44, 'A08', 'C2', 0.5),
(45, 'A08', 'C3', 0.5),
(46, 'A08', 'C4', 0.75),
(47, 'A08', 'C5', 0.8),
(48, 'A08', 'C6', 0.5),
(49, 'A09', 'C1', 0.5),
(50, 'A09', 'C2', 0.55),
(51, 'A09', 'C3', 0.5),
(52, 'A09', 'C4', 0.75),
(53, 'A09', 'C5', 0.8),
(54, 'A09', 'C6', 0.5),
(55, 'A10', 'C1', 0.5),
(56, 'A10', 'C2', 0.5),
(57, 'A10', 'C3', 0.5),
(58, 'A10', 'C4', 0.75),
(59, 'A10', 'C5', 0.8),
(60, 'A10', 'C6', 0.75),
(61, 'A11', 'C1', 0.5),
(62, 'A11', 'C2', 0.5),
(63, 'A11', 'C3', 0.5),
(64, 'A11', 'C4', 0.75),
(65, 'A11', 'C5', 0.8),
(66, 'A11', 'C6', 0.75),
(67, 'A12', 'C1', 0.5),
(68, 'A12', 'C2', 0.75),
(69, 'A12', 'C3', 0.75),
(70, 'A12', 'C4', 0.75),
(71, 'A12', 'C5', 0.8),
(72, 'A12', 'C6', 0.8),
(73, 'A13', 'C1', 0.5),
(74, 'A13', 'C2', 0.75),
(75, 'A13', 'C3', 0.75),
(76, 'A13', 'C4', 0.75),
(77, 'A13', 'C5', 0.8),
(78, 'A13', 'C6', 0.8),
(79, 'A14', 'C1', 0.5),
(80, 'A14', 'C2', 0.5),
(81, 'A14', 'C3', 0.5),
(82, 'A14', 'C4', 0.5),
(83, 'A14', 'C5', 0.5),
(84, 'A14', 'C6', 0.8),
(85, 'A15', 'C1', 0.5),
(86, 'A15', 'C2', 0.55),
(87, 'A15', 'C3', 0.5),
(88, 'A15', 'C4', 0.5),
(89, 'A15', 'C5', 0.5),
(90, 'A15', 'C6', 0.8),
(91, 'A16', 'C1', 0.5),
(92, 'A16', 'C2', 0.5),
(93, 'A16', 'C3', 0.55),
(94, 'A16', 'C4', 0.5),
(95, 'A16', 'C5', 0.5),
(96, 'A16', 'C6', 0.8),
(97, 'A17', 'C1', 0.5),
(98, 'A17', 'C2', 0.5),
(99, 'A17', 'C3', 0.5),
(100, 'A17', 'C4', 0.5),
(101, 'A17', 'C5', 0.5),
(102, 'A17', 'C6', 0.8),
(103, 'A18', 'C1', 0.5),
(104, 'A18', 'C2', 0.55),
(105, 'A18', 'C3', 0.55),
(106, 'A18', 'C4', 0.55),
(107, 'A18', 'C5', 0.55),
(108, 'A18', 'C6', 0.5),
(109, 'A19', 'C1', 0.75),
(110, 'A19', 'C2', 0.75),
(111, 'A19', 'C3', 0.75),
(112, 'A19', 'C4', 0.75),
(113, 'A19', 'C5', 0.75),
(114, 'A19', 'C6', 0.75),
(115, 'A20', 'C1', 0.5),
(116, 'A20', 'C2', 0.75),
(117, 'A20', 'C3', 0.75),
(118, 'A20', 'C4', 0.75),
(119, 'A20', 'C5', 0.8),
(120, 'A20', 'C6', 0.8),
(121, 'A21', 'C1', 0.8),
(122, 'A21', 'C2', 0.8),
(123, 'A21', 'C3', 0.8),
(124, 'A21', 'C4', 0.75),
(125, 'A21', 'C5', 0.8),
(126, 'A21', 'C6', 0.75),
(127, 'A22', 'C1', 0.5),
(128, 'A22', 'C2', 0.55),
(129, 'A22', 'C3', 0.75),
(130, 'A22', 'C4', 0.75),
(131, 'A22', 'C5', 0.8),
(132, 'A22', 'C6', 0.5),
(133, 'A23', 'C1', 0.5),
(134, 'A23', 'C2', 0.75),
(135, 'A23', 'C3', 0.75),
(136, 'A23', 'C4', 0.75),
(137, 'A23', 'C5', 0.8),
(138, 'A23', 'C6', 0.5),
(139, 'A24', 'C1', 0.25),
(140, 'A24', 'C2', 0.5),
(141, 'A24', 'C3', 0.5),
(142, 'A24', 'C4', 0.55),
(143, 'A24', 'C5', 0.55),
(144, 'A24', 'C6', 0.55),
(145, 'A25', 'C1', 0.5),
(146, 'A25', 'C2', 0.75),
(147, 'A25', 'C3', 0.75),
(148, 'A25', 'C4', 0.75),
(149, 'A25', 'C5', 0.75),
(150, 'A25', 'C6', 0.75),
(151, 'A26', 'C1', 0.5),
(152, 'A26', 'C2', 0.5),
(153, 'A26', 'C3', 0.5),
(154, 'A26', 'C4', 0.55),
(155, 'A26', 'C5', 0.75),
(156, 'A26', 'C6', 0.8),
(157, 'A27', 'C1', 0.5),
(158, 'A27', 'C2', 0.5),
(159, 'A27', 'C3', 0.5),
(160, 'A27', 'C4', 0.55),
(161, 'A27', 'C5', 0.75),
(162, 'A27', 'C6', 0.8),
(163, 'A28', 'C1', 0.5),
(164, 'A28', 'C2', 0.5),
(165, 'A28', 'C3', 0.5),
(166, 'A28', 'C4', 0.5),
(167, 'A28', 'C5', 0.55),
(168, 'A28', 'C6', 0.8);

-- --------------------------------------------------------

--
-- Table structure for table `saw_alternatif`
--

CREATE TABLE `saw_alternatif` (
  `id_alternatif` varchar(3) NOT NULL,
  `nama` varchar(200) NOT NULL,
  `keterangan` text DEFAULT NULL,
  `nilai_alt` double DEFAULT NULL,
  `nilai_maut` double DEFAULT 0
) ENGINE=InnoDB DEFAULT CHARSET=latin1;

--
-- Dumping data for table `saw_alternatif`
--

INSERT INTO `saw_alternatif` (`id_alternatif`, `nama`, `keterangan`, `nilai_alt`, `nilai_maut`) VALUES
('A01', 'Pantai Samudra Baru ', '-', 0.007238636363636363, 0.6386363636363637),
('A02', 'Pantai Pelangi ', '-', 0.007238636363636363, 0.6386363636363637),
('A03', 'Pantai Tanjung Baru ', '-', 0.006200757575757576, 0.14886363636363636),
('A04', 'Pantai Tanjung Pakis ', '-', 0.0072430555555555555, 0.6196969696969697),
('A05', 'Pantai Pasir Putih ', '-', 0.006083333333333334, 0.2321969696969697),
('A06', 'Pantai Cibendo ', '-', 0.007604166666666666, 0.6613636363636364),
('A07', 'Pulau Putri ', '-', 0.005916666666666666, 0.21136363636363636),
('A08', 'Danau Situ Cipule ', '-', 0.007, 0.33636363636363636),
('A09', 'Danau Situ Kalimati ', '-', 0.007125, 0.36969696969696975),
('A10', 'Danau Situ Kamojing ', '-', 0.006666666666666667, 0.39886363636363636),
('A11', 'Danau Situ Cibayat ', '-', 0.006666666666666667, 0.39886363636363636),
('A12', 'Curug Cigentis ', '-', 0.007875, 0.7446969696969696),
('A13', 'Curug Bandung ', '-', 0.007875, 0.7446969696969696),
('A14', 'Curug Cikolengkak ', '-', 0.005916666666666666, 0.21136363636363636),
('A15', 'Curug Cikarapyak ', '-', 0.0060416666666666665, 0.24469696969696972),
('A16', 'Curug Cipanundaan ', '-', 0.0060416666666666665, 0.24469696969696972),
('A17', 'Curug Lalay ', '-', 0.005916666666666666, 0.21136363636363636),
('A18', 'Green Canyon ', '-', 0.006670833333333333, 0.23969696969696977),
('A19', 'Puncak Sempur ', '-', 0.007354166666666667, 0.8518939393939393),
('A20', 'Batu Tumpang ', '-', 0.007875, 0.7446969696969696),
('A21', 'Kampung Turis ', '-', 0.007604166666666667, 0.9624999999999999),
('A22', 'Kebon Kembang ', '-', 0.00775, 0.5363636363636364),
('A23', 'Kampung Budaya ', '-', 0.00825, 0.6696969696969696),
('A24', 'Rumah Soekarno ', '-', 0.007829924242424242, 0.049166666666666706),
('A25', 'Monumen Rawagede ', '-', 0.007854166666666666, 0.715530303030303),
('A26', 'Situs Candi Blandongan ', '-', 0.006295833333333333, 0.3146969696969697),
('A27', 'Situs Museum Batujaya ', '-', 0.006295833333333333, 0.3146969696969697),
('A28', 'Situs Telaga Jaya ', '-', 0.0059791666666666665, 0.22803030303030306);

-- --------------------------------------------------------

--
-- Table structure for table `saw_kriteria`
--

CREATE TABLE `saw_kriteria` (
  `id_kriteria` varchar(3) NOT NULL,
  `nama_kriteria` varchar(100) NOT NULL,
  `keterangan` text DEFAULT NULL,
  `bobot_preferensi` double NOT NULL,
  `bobot_preferensi_saw` double DEFAULT 0,
  `nilai_kriteria` double DEFAULT NULL
) ENGINE=InnoDB DEFAULT CHARSET=latin1;

--
-- Dumping data for table `saw_kriteria`
--

INSERT INTO `saw_kriteria` (`id_kriteria`, `nama_kriteria`, `keterangan`, `bobot_preferensi`, `bobot_preferensi_saw`, `nilai_kriteria`) VALUES
('C1', 'Biaya Tiket', '-', 0.3, 0.003, 0.25),
('C2', 'Fasilitas', '-', 0.2, 0.002, 0.8),
('C3', 'Keamanan', '-', 0.2, 0.002, 0.8),
('C4', 'Kebersihan', '-', 0.1, 0.001, 0.75),
('C5', 'Akses Jalan', '-', 0.1, 0.001, 0.8),
('C6', 'Jarak Tempuh', '-', 0.1, 0.001, 0.5);

-- --------------------------------------------------------

--
-- Table structure for table `saw_normalisasi`
--

CREATE TABLE `saw_normalisasi` (
  `id` int(11) NOT NULL,
  `id_alternatif` varchar(3) NOT NULL,
  `id_kriteria` varchar(2) NOT NULL,
  `nilai` double NOT NULL
) ENGINE=InnoDB DEFAULT CHARSET=latin1;

--
-- Dumping data for table `saw_normalisasi`
--

INSERT INTO `saw_normalisasi` (`id`, `id_alternatif`, `id_kriteria`, `nilai`) VALUES
(1, 'A01', 'C1', 0.55),
(2, 'A01', 'C2', 0.75),
(3, 'A01', 'C3', 0.55),
(4, 'A01', 'C4', 0.75),
(5, 'A01', 'C5', 0.8),
(6, 'A01', 'C6', 0.8),
(7, 'A02', 'C1', 0.55),
(8, 'A02', 'C2', 0.75),
(9, 'A02', 'C3', 0.55),
(10, 'A02', 'C4', 0.75),
(11, 'A02', 'C5', 0.8),
(12, 'A02', 'C6', 0.8),
(13, 'A03', 'C1', 0.5),
(14, 'A03', 'C2', 0.5),
(15, 'A03', 'C3', 0.5),
(16, 'A03', 'C4', 0.5),
(17, 'A03', 'C5', 0.5),
(18, 'A03', 'C6', 0.55),
(19, 'A04', 'C1', 0.5),
(20, 'A04', 'C2', 0.75),
(21, 'A04', 'C3', 0.55),
(22, 'A04', 'C4', 0.75),
(23, 'A04', 'C5', 0.75),
(24, 'A04', 'C6', 0.9),
(25, 'A05', 'C1', 0.5),
(26, 'A05', 'C2', 0.55),
(27, 'A05', 'C3', 0.5),
(28, 'A05', 'C4', 0.5),
(29, 'A05', 'C5', 0.5),
(30, 'A05', 'C6', 0.75),
(31, 'A06', 'C1', 0.5),
(32, 'A06', 'C2', 0.8),
(33, 'A06', 'C3', 0.75),
(34, 'A06', 'C4', 0.5),
(35, 'A06', 'C5', 0.75),
(36, 'A06', 'C6', 0.8),
(37, 'A07', 'C1', 0.5),
(38, 'A07', 'C2', 0.5),
(39, 'A07', 'C3', 0.5),
(40, 'A07', 'C4', 0.5),
(41, 'A07', 'C5', 0.5),
(42, 'A07', 'C6', 0.8),
(43, 'A08', 'C1', 0.5),
(44, 'A08', 'C2', 0.5),
(45, 'A08', 'C3', 0.5),
(46, 'A08', 'C4', 0.75),
(47, 'A08', 'C5', 0.8),
(48, 'A08', 'C6', 0.5),
(49, 'A09', 'C1', 0.5),
(50, 'A09', 'C2', 0.55),
(51, 'A09', 'C3', 0.5),
(52, 'A09', 'C4', 0.75),
(53, 'A09', 'C5', 0.8),
(54, 'A09', 'C6', 0.5),
(55, 'A10', 'C1', 0.5),
(56, 'A10', 'C2', 0.5),
(57, 'A10', 'C3', 0.5),
(58, 'A10', 'C4', 0.75),
(59, 'A10', 'C5', 0.8),
(60, 'A10', 'C6', 0.75),
(61, 'A11', 'C1', 0.5),
(62, 'A11', 'C2', 0.5),
(63, 'A11', 'C3', 0.5),
(64, 'A11', 'C4', 0.75),
(65, 'A11', 'C5', 0.8),
(66, 'A11', 'C6', 0.75),
(67, 'A12', 'C1', 0.5),
(68, 'A12', 'C2', 0.75),
(69, 'A12', 'C3', 0.75),
(70, 'A12', 'C4', 0.75),
(71, 'A12', 'C5', 0.8),
(72, 'A12', 'C6', 0.8),
(73, 'A13', 'C1', 0.5),
(74, 'A13', 'C2', 0.75),
(75, 'A13', 'C3', 0.75),
(76, 'A13', 'C4', 0.75),
(77, 'A13', 'C5', 0.8),
(78, 'A13', 'C6', 0.8),
(79, 'A14', 'C1', 0.5),
(80, 'A14', 'C2', 0.5),
(81, 'A14', 'C3', 0.5),
(82, 'A14', 'C4', 0.5),
(83, 'A14', 'C5', 0.5),
(84, 'A14', 'C6', 0.8),
(85, 'A15', 'C1', 0.5),
(86, 'A15', 'C2', 0.55),
(87, 'A15', 'C3', 0.5),
(88, 'A15', 'C4', 0.5),
(89, 'A15', 'C5', 0.5),
(90, 'A15', 'C6', 0.8),
(91, 'A16', 'C1', 0.5),
(92, 'A16', 'C2', 0.5),
(93, 'A16', 'C3', 0.55),
(94, 'A16', 'C4', 0.5),
(95, 'A16', 'C5', 0.5),
(96, 'A16', 'C6', 0.8),
(97, 'A17', 'C1', 0.5),
(98, 'A17', 'C2', 0.5),
(99, 'A17', 'C3', 0.5),
(100, 'A17', 'C4', 0.5),
(101, 'A17', 'C5', 0.5),
(102, 'A17', 'C6', 0.8),
(103, 'A18', 'C1', 0.5),
(104, 'A18', 'C2', 0.55),
(105, 'A18', 'C3', 0.55),
(106, 'A18', 'C4', 0.55),
(107, 'A18', 'C5', 0.55),
(108, 'A18', 'C6', 0.5),
(109, 'A19', 'C1', 0.75),
(110, 'A19', 'C2', 0.75),
(111, 'A19', 'C3', 0.75),
(112, 'A19', 'C4', 0.75),
(113, 'A19', 'C5', 0.75),
(114, 'A19', 'C6', 0.75),
(115, 'A20', 'C1', 0.5),
(116, 'A20', 'C2', 0.75),
(117, 'A20', 'C3', 0.75),
(118, 'A20', 'C4', 0.75),
(119, 'A20', 'C5', 0.8),
(120, 'A20', 'C6', 0.8),
(121, 'A21', 'C1', 0.8),
(122, 'A21', 'C2', 0.8),
(123, 'A21', 'C3', 0.8),
(124, 'A21', 'C4', 0.75),
(125, 'A21', 'C5', 0.8),
(126, 'A21', 'C6', 0.75),
(127, 'A22', 'C1', 0.5),
(128, 'A22', 'C2', 0.55),
(129, 'A22', 'C3', 0.75),
(130, 'A22', 'C4', 0.75),
(131, 'A22', 'C5', 0.8),
(132, 'A22', 'C6', 0.5),
(133, 'A23', 'C1', 0.5),
(134, 'A23', 'C2', 0.75),
(135, 'A23', 'C3', 0.75),
(136, 'A23', 'C4', 0.75),
(137, 'A23', 'C5', 0.8),
(138, 'A23', 'C6', 0.5),
(139, 'A24', 'C1', 0.25),
(140, 'A24', 'C2', 0.5),
(141, 'A24', 'C3', 0.5),
(142, 'A24', 'C4', 0.55),
(143, 'A24', 'C5', 0.55),
(144, 'A24', 'C6', 0.55),
(145, 'A25', 'C1', 0.5),
(146, 'A25', 'C2', 0.75),
(147, 'A25', 'C3', 0.75),
(148, 'A25', 'C4', 0.75),
(149, 'A25', 'C5', 0.75),
(150, 'A25', 'C6', 0.75),
(151, 'A26', 'C1', 0.5),
(152, 'A26', 'C2', 0.5),
(153, 'A26', 'C3', 0.5),
(154, 'A26', 'C4', 0.55),
(155, 'A26', 'C5', 0.75),
(156, 'A26', 'C6', 0.8),
(157, 'A27', 'C1', 0.5),
(158, 'A27', 'C2', 0.5),
(159, 'A27', 'C3', 0.5),
(160, 'A27', 'C4', 0.55),
(161, 'A27', 'C5', 0.75),
(162, 'A27', 'C6', 0.8),
(163, 'A28', 'C1', 0.5),
(164, 'A28', 'C2', 0.5),
(165, 'A28', 'C3', 0.5),
(166, 'A28', 'C4', 0.5),
(167, 'A28', 'C5', 0.55),
(168, 'A28', 'C6', 0.8);

-- --------------------------------------------------------

--
-- Table structure for table `saw_responden`
--

CREATE TABLE `saw_responden` (
  `id` int(11) NOT NULL,
  `id_responden` varchar(4) DEFAULT NULL,
  `id_alternatif` varchar(3) DEFAULT NULL,
  `id_kriteria` varchar(2) DEFAULT NULL,
  `nilai` double DEFAULT NULL
) ENGINE=InnoDB DEFAULT CHARSET=latin1;

--
-- Dumping data for table `saw_responden`
--

INSERT INTO `saw_responden` (`id`, `id_responden`, `id_alternatif`, `id_kriteria`, `nilai`) VALUES
(1, 'R1', 'A01', 'C1', 0.75),
(2, 'R1', 'A01', 'C2', 0.75),
(3, 'R1', 'A01', 'C3', 0.75),
(4, 'R1', 'A01', 'C4', 0.75),
(5, 'R1', 'A01', 'C5', 0.8),
(6, 'R1', 'A01', 'C6', 0.5),
(7, 'R1', 'A02', 'C1', 0.75),
(8, 'R1', 'A02', 'C2', 0.25),
(9, 'R1', 'A02', 'C3', 0.5),
(10, 'R1', 'A02', 'C4', 0.5),
(11, 'R1', 'A02', 'C5', 0.75),
(12, 'R1', 'A02', 'C6', 0.5),
(13, 'R1', 'A03', 'C1', 0.75),
(14, 'R1', 'A03', 'C2', 0.75),
(15, 'R1', 'A03', 'C3', 0.75),
(16, 'R1', 'A03', 'C4', 0.75),
(17, 'R1', 'A03', 'C5', 0.5),
(18, 'R1', 'A03', 'C6', 0.8),
(19, 'R1', 'A04', 'C1', 0.75),
(20, 'R1', 'A04', 'C2', 0.75),
(21, 'R1', 'A04', 'C3', 0.75),
(22, 'R1', 'A04', 'C4', 0.5),
(23, 'R1', 'A04', 'C5', 0.25),
(24, 'R1', 'A04', 'C6', 0.8),
(25, 'R1', 'A05', 'C1', 0.5),
(26, 'R1', 'A05', 'C2', 0.5),
(27, 'R1', 'A05', 'C3', 0.25),
(28, 'R1', 'A05', 'C4', 0.25),
(29, 'R1', 'A05', 'C5', 0.75),
(30, 'R1', 'A05', 'C6', 0.8),
(31, 'R1', 'A06', 'C1', 0.39),
(32, 'R1', 'A06', 'C2', 0.88),
(33, 'R1', 'A06', 'C3', 0.86),
(34, 'R1', 'A06', 'C4', 0.8),
(35, 'R1', 'A06', 'C5', 0.88),
(36, 'R1', 'A06', 'C6', 0.44),
(37, 'R1', 'A07', 'C1', 0.5),
(38, 'R1', 'A07', 'C2', 0.5),
(39, 'R1', 'A07', 'C3', 0.5),
(40, 'R1', 'A07', 'C4', 0.5),
(41, 'R1', 'A07', 'C5', 0.25),
(42, 'R1', 'A07', 'C6', 0.8),
(43, 'R1', 'A08', 'C1', 0.5),
(44, 'R1', 'A08', 'C2', 0.5),
(45, 'R1', 'A08', 'C3', 0.5),
(46, 'R1', 'A08', 'C4', 0.5),
(47, 'R1', 'A08', 'C5', 0.75),
(48, 'R1', 'A08', 'C6', 0.85),
(49, 'R1', 'A09', 'C1', 0.5),
(50, 'R1', 'A09', 'C2', 0.5),
(51, 'R1', 'A09', 'C3', 0.5),
(52, 'R1', 'A09', 'C4', 0.5),
(53, 'R1', 'A09', 'C5', 0.5),
(54, 'R1', 'A09', 'C6', 0.8),
(55, 'R1', 'A10', 'C1', 0.5),
(56, 'R1', 'A10', 'C2', 0.5),
(57, 'R1', 'A10', 'C3', 0.5),
(58, 'R1', 'A10', 'C4', 0.75),
(59, 'R1', 'A10', 'C5', 0.5),
(60, 'R1', 'A10', 'C6', 0.8),
(61, 'R1', 'A11', 'C1', 0.5),
(62, 'R1', 'A11', 'C2', 0.5),
(63, 'R1', 'A11', 'C3', 0.5),
(64, 'R1', 'A11', 'C4', 0.5),
(65, 'R1', 'A11', 'C5', 0.5),
(66, 'R1', 'A11', 'C6', 0.8),
(67, 'R1', 'A12', 'C1', 0.5),
(68, 'R1', 'A12', 'C2', 0.75),
(69, 'R1', 'A12', 'C3', 0.75),
(70, 'R1', 'A12', 'C4', 0.5),
(71, 'R1', 'A12', 'C5', 0.5),
(72, 'R1', 'A12', 'C6', 0.8),
(73, 'R1', 'A13', 'C1', 0.5),
(74, 'R1', 'A13', 'C2', 0.75),
(75, 'R1', 'A13', 'C3', 0.75),
(76, 'R1', 'A13', 'C4', 0.75),
(77, 'R1', 'A13', 'C5', 0.5),
(78, 'R1', 'A13', 'C6', 0.8),
(79, 'R1', 'A14', 'C1', 0.5),
(80, 'R1', 'A14', 'C2', 0.5),
(81, 'R1', 'A14', 'C3', 0.5),
(82, 'R1', 'A14', 'C4', 0.5),
(83, 'R1', 'A14', 'C5', 0.5),
(84, 'R1', 'A14', 'C6', 0.8),
(85, 'R1', 'A15', 'C1', 0.5),
(86, 'R1', 'A15', 'C2', 0.5),
(87, 'R1', 'A15', 'C3', 0.5),
(88, 'R1', 'A15', 'C4', 0.5),
(89, 'R1', 'A15', 'C5', 0.5),
(90, 'R1', 'A15', 'C6', 0.8),
(91, 'R1', 'A16', 'C1', 0.5),
(92, 'R1', 'A16', 'C2', 0.5),
(93, 'R1', 'A16', 'C3', 0.5),
(94, 'R1', 'A16', 'C4', 0.75),
(95, 'R1', 'A16', 'C5', 0.5),
(96, 'R1', 'A16', 'C6', 0.8),
(97, 'R1', 'A17', 'C1', 0.5),
(98, 'R1', 'A17', 'C2', 0.5),
(99, 'R1', 'A17', 'C3', 0.5),
(100, 'R1', 'A17', 'C4', 0.5),
(101, 'R1', 'A17', 'C5', 0.5),
(102, 'R1', 'A17', 'C6', 0.8),
(103, 'R1', 'A18', 'C1', 0.75),
(104, 'R1', 'A18', 'C2', 0.75),
(105, 'R1', 'A18', 'C3', 0.5),
(106, 'R1', 'A18', 'C4', 0.75),
(107, 'R1', 'A18', 'C5', 0.75),
(108, 'R1', 'A18', 'C6', 0.8),
(109, 'R1', 'A19', 'C1', 0.5),
(110, 'R1', 'A19', 'C2', 0.75),
(111, 'R1', 'A19', 'C3', 0.75),
(112, 'R1', 'A19', 'C4', 0.75),
(113, 'R1', 'A19', 'C5', 0.5),
(114, 'R1', 'A19', 'C6', 0.8),
(115, 'R1', 'A20', 'C1', 0.5),
(116, 'R1', 'A20', 'C2', 0.75),
(117, 'R1', 'A20', 'C3', 0.75),
(118, 'R1', 'A20', 'C4', 0.75),
(119, 'R1', 'A20', 'C5', 0.5),
(120, 'R1', 'A20', 'C6', 0.8),
(121, 'R1', 'A21', 'C1', 0.8),
(122, 'R1', 'A21', 'C2', 0.8),
(123, 'R1', 'A21', 'C3', 0.8),
(124, 'R1', 'A21', 'C4', 0.8),
(125, 'R1', 'A21', 'C5', 0.75),
(126, 'R1', 'A21', 'C6', 0.8),
(127, 'R1', 'A22', 'C1', 0.5),
(128, 'R1', 'A22', 'C2', 0.5),
(129, 'R1', 'A22', 'C3', 0.5),
(130, 'R1', 'A22', 'C4', 0.75),
(131, 'R1', 'A22', 'C5', 0.75),
(132, 'R1', 'A22', 'C6', 0.8),
(133, 'R1', 'A23', 'C1', 0.5),
(134, 'R1', 'A23', 'C2', 0.75),
(135, 'R1', 'A23', 'C3', 0.75),
(136, 'R1', 'A23', 'C4', 0.75),
(137, 'R1', 'A23', 'C5', 0.8),
(138, 'R1', 'A23', 'C6', 0.75),
(139, 'R1', 'A24', 'C1', 0.5),
(140, 'R1', 'A24', 'C2', 0.5),
(141, 'R1', 'A24', 'C3', 0.5),
(142, 'R1', 'A24', 'C4', 0.75),
(143, 'R1', 'A24', 'C5', 0.75),
(144, 'R1', 'A24', 'C6', 0.75),
(145, 'R1', 'A25', 'C1', 0.75),
(146, 'R1', 'A25', 'C2', 0.75),
(147, 'R1', 'A25', 'C3', 0.75),
(148, 'R1', 'A25', 'C4', 0.75),
(149, 'R1', 'A25', 'C5', 0.75),
(150, 'R1', 'A25', 'C6', 0.8),
(151, 'R1', 'A26', 'C1', 0.5),
(152, 'R1', 'A26', 'C2', 0.75),
(153, 'R1', 'A26', 'C3', 0.75),
(154, 'R1', 'A26', 'C4', 0.75),
(155, 'R1', 'A26', 'C5', 0.75),
(156, 'R1', 'A26', 'C6', 0.8),
(157, 'R1', 'A27', 'C1', 0.75),
(158, 'R1', 'A27', 'C2', 0.75),
(159, 'R1', 'A27', 'C3', 0.75),
(160, 'R1', 'A27', 'C4', 0.75),
(161, 'R1', 'A27', 'C5', 0.75),
(162, 'R1', 'A27', 'C6', 0.8),
(163, 'R1', 'A28', 'C1', 0.5),
(164, 'R1', 'A28', 'C2', 0.5),
(165, 'R1', 'A28', 'C3', 0.5),
(166, 'R1', 'A28', 'C4', 0.5),
(167, 'R1', 'A28', 'C5', 0.5),
(168, 'R1', 'A28', 'C6', 0.8),
(169, 'R2', 'A01', 'C1', 0.5),
(170, 'R2', 'A01', 'C2', 0.5),
(171, 'R2', 'A01', 'C3', 0.5),
(172, 'R2', 'A01', 'C4', 0.5),
(173, 'R2', 'A01', 'C5', 0.75),
(174, 'R2', 'A01', 'C6', 0.8),
(175, 'R2', 'A02', 'C1', 0.5),
(176, 'R2', 'A02', 'C2', 0.5),
(177, 'R2', 'A02', 'C3', 0.5),
(178, 'R2', 'A02', 'C4', 0.5),
(179, 'R2', 'A02', 'C5', 0.75),
(180, 'R2', 'A02', 'C6', 0.8),
(181, 'R2', 'A03', 'C1', 0.5),
(182, 'R2', 'A03', 'C2', 0.5),
(183, 'R2', 'A03', 'C3', 0.25),
(184, 'R2', 'A03', 'C4', 0.25),
(185, 'R2', 'A03', 'C5', 0.75),
(186, 'R2', 'A03', 'C6', 0.89),
(187, 'R2', 'A04', 'C1', 0.75),
(188, 'R2', 'A04', 'C2', 0.5),
(189, 'R2', 'A04', 'C3', 0.5),
(190, 'R2', 'A04', 'C4', 0.5),
(191, 'R2', 'A04', 'C5', 0.25),
(192, 'R2', 'A04', 'C6', 0.8),
(193, 'R2', 'A05', 'C1', 0.5),
(194, 'R2', 'A05', 'C2', 0.5),
(195, 'R2', 'A05', 'C3', 0.25),
(196, 'R2', 'A05', 'C4', 0.25),
(197, 'R2', 'A05', 'C5', 0.25),
(198, 'R2', 'A05', 'C6', 0.8),
(199, 'R2', 'A06', 'C1', 0.5),
(200, 'R2', 'A06', 'C2', 0.5),
(201, 'R2', 'A06', 'C3', 0.25),
(202, 'R2', 'A06', 'C4', 0.25),
(203, 'R2', 'A06', 'C5', 0.25),
(204, 'R2', 'A06', 'C6', 0.8),
(205, 'R2', 'A07', 'C1', 0.5),
(206, 'R2', 'A07', 'C2', 0.5),
(207, 'R2', 'A07', 'C3', 0.5),
(208, 'R2', 'A07', 'C4', 0.5),
(209, 'R2', 'A07', 'C5', 0.25),
(210, 'R2', 'A07', 'C6', 0.8),
(211, 'R2', 'A08', 'C1', 0.5),
(212, 'R2', 'A08', 'C2', 0.5),
(213, 'R2', 'A08', 'C3', 0.5),
(214, 'R2', 'A08', 'C4', 0.5),
(215, 'R2', 'A08', 'C5', 0.25),
(216, 'R2', 'A08', 'C6', 0.85),
(217, 'R2', 'A09', 'C1', 0.5),
(218, 'R2', 'A09', 'C2', 0.5),
(219, 'R2', 'A09', 'C3', 0.5),
(220, 'R2', 'A09', 'C4', 0.5),
(221, 'R2', 'A09', 'C5', 0.5),
(222, 'R2', 'A09', 'C6', 0.8),
(223, 'R2', 'A10', 'C1', 0.5),
(224, 'R2', 'A10', 'C2', 0.5),
(225, 'R2', 'A10', 'C3', 0.5),
(226, 'R2', 'A10', 'C4', 0.5),
(227, 'R2', 'A10', 'C5', 0.5),
(228, 'R2', 'A10', 'C6', 0.75),
(229, 'R2', 'A11', 'C1', 0.5),
(230, 'R2', 'A11', 'C2', 0.5),
(231, 'R2', 'A11', 'C3', 0.5),
(232, 'R2', 'A11', 'C4', 0.5),
(233, 'R2', 'A11', 'C5', 0.5),
(234, 'R2', 'A11', 'C6', 0.8),
(235, 'R2', 'A12', 'C1', 0.5),
(236, 'R2', 'A12', 'C2', 0.5),
(237, 'R2', 'A12', 'C3', 0.5),
(238, 'R2', 'A12', 'C4', 0.5),
(239, 'R2', 'A12', 'C5', 0.75),
(240, 'R2', 'A12', 'C6', 0.75),
(241, 'R2', 'A13', 'C1', 0.5),
(242, 'R2', 'A13', 'C2', 0.5),
(243, 'R2', 'A13', 'C3', 0.5),
(244, 'R2', 'A13', 'C4', 0.75),
(245, 'R2', 'A13', 'C5', 0.5),
(246, 'R2', 'A13', 'C6', 0.75),
(247, 'R2', 'A14', 'C1', 0.5),
(248, 'R2', 'A14', 'C2', 0.5),
(249, 'R2', 'A14', 'C3', 0.5),
(250, 'R2', 'A14', 'C4', 0.5),
(251, 'R2', 'A14', 'C5', 0.5),
(252, 'R2', 'A14', 'C6', 0.8),
(253, 'R2', 'A15', 'C1', 0.5),
(254, 'R2', 'A15', 'C2', 0.5),
(255, 'R2', 'A15', 'C3', 0.5),
(256, 'R2', 'A15', 'C4', 0.5),
(257, 'R2', 'A15', 'C5', 0.5),
(258, 'R2', 'A15', 'C6', 0.75),
(259, 'R2', 'A16', 'C1', 0.5),
(260, 'R2', 'A16', 'C2', 0.5),
(261, 'R2', 'A16', 'C3', 0.5),
(262, 'R2', 'A16', 'C4', 0.5),
(263, 'R2', 'A16', 'C5', 0.75),
(264, 'R2', 'A16', 'C6', 0.8),
(265, 'R2', 'A17', 'C1', 0.5),
(266, 'R2', 'A17', 'C2', 0.5),
(267, 'R2', 'A17', 'C3', 0.5),
(268, 'R2', 'A17', 'C4', 0.5),
(269, 'R2', 'A17', 'C5', 0.5),
(270, 'R2', 'A17', 'C6', 0.8),
(271, 'R2', 'A18', 'C1', 0.5),
(272, 'R2', 'A18', 'C2', 0.75),
(273, 'R2', 'A18', 'C3', 0.5),
(274, 'R2', 'A18', 'C4', 0.75),
(275, 'R2', 'A18', 'C5', 0.5),
(276, 'R2', 'A18', 'C6', 0.8),
(277, 'R2', 'A19', 'C1', 0.5),
(278, 'R2', 'A19', 'C2', 0.5),
(279, 'R2', 'A19', 'C3', 0.5),
(280, 'R2', 'A19', 'C4', 0.5),
(281, 'R2', 'A19', 'C5', 0.5),
(282, 'R2', 'A19', 'C6', 0.8),
(283, 'R2', 'A20', 'C1', 0.5),
(284, 'R2', 'A20', 'C2', 0.5),
(285, 'R2', 'A20', 'C3', 0.5),
(286, 'R2', 'A20', 'C4', 0.5),
(287, 'R2', 'A20', 'C5', 0.5),
(288, 'R2', 'A20', 'C6', 0.8),
(289, 'R2', 'A21', 'C1', 0.5),
(290, 'R2', 'A21', 'C2', 0.5),
(291, 'R2', 'A21', 'C3', 0.5),
(292, 'R2', 'A21', 'C4', 0.5),
(293, 'R2', 'A21', 'C5', 0.5),
(294, 'R2', 'A21', 'C6', 0.75),
(295, 'R2', 'A22', 'C1', 0.5),
(296, 'R2', 'A22', 'C2', 0.5),
(297, 'R2', 'A22', 'C3', 0.5),
(298, 'R2', 'A22', 'C4', 0.5),
(299, 'R2', 'A22', 'C5', 0.5),
(300, 'R2', 'A22', 'C6', 0.75),
(301, 'R2', 'A23', 'C1', 0.5),
(302, 'R2', 'A23', 'C2', 0.5),
(303, 'R2', 'A23', 'C3', 0.5),
(304, 'R2', 'A23', 'C4', 0.5),
(305, 'R2', 'A23', 'C5', 0.5),
(306, 'R2', 'A23', 'C6', 0.75),
(307, 'R2', 'A24', 'C1', 0.5),
(308, 'R2', 'A24', 'C2', 0.5),
(309, 'R2', 'A24', 'C3', 0.5),
(310, 'R2', 'A24', 'C4', 0.5),
(311, 'R2', 'A24', 'C5', 0.5),
(312, 'R2', 'A24', 'C6', 0.8),
(313, 'R2', 'A25', 'C1', 0.5),
(314, 'R2', 'A25', 'C2', 0.5),
(315, 'R2', 'A25', 'C3', 0.5),
(316, 'R2', 'A25', 'C4', 0.5),
(317, 'R2', 'A25', 'C5', 0.5),
(318, 'R2', 'A25', 'C6', 0.75),
(319, 'R2', 'A26', 'C1', 0.5),
(320, 'R2', 'A26', 'C2', 0.5),
(321, 'R2', 'A26', 'C3', 0.5),
(322, 'R2', 'A26', 'C4', 0.5),
(323, 'R2', 'A26', 'C5', 0.5),
(324, 'R2', 'A26', 'C6', 0.8),
(325, 'R2', 'A27', 'C1', 0.5),
(326, 'R2', 'A27', 'C2', 0.5),
(327, 'R2', 'A27', 'C3', 0.5),
(328, 'R2', 'A27', 'C4', 0.5),
(329, 'R2', 'A27', 'C5', 0.5),
(330, 'R2', 'A27', 'C6', 0.8),
(331, 'R2', 'A28', 'C1', 0.5),
(332, 'R2', 'A28', 'C2', 0.5),
(333, 'R2', 'A28', 'C3', 0.5),
(334, 'R2', 'A28', 'C4', 0.5),
(335, 'R2', 'A28', 'C5', 0.5),
(336, 'R2', 'A28', 'C6', 0.8),
(337, 'R3', 'A01', 'C1', 0.5),
(338, 'R3', 'A01', 'C2', 0.75),
(339, 'R3', 'A01', 'C3', 0.5),
(340, 'R3', 'A01', 'C4', 0.5),
(341, 'R3', 'A01', 'C5', 0.5),
(342, 'R3', 'A01', 'C6', 0.8),
(343, 'R3', 'A02', 'C1', 0.25),
(344, 'R3', 'A02', 'C2', 0.25),
(345, 'R3', 'A02', 'C3', 0.5),
(346, 'R3', 'A02', 'C4', 0.25),
(347, 'R3', 'A02', 'C5', 0.75),
(348, 'R3', 'A02', 'C6', 0.5),
(349, 'R3', 'A03', 'C1', 0.5),
(350, 'R3', 'A03', 'C2', 0.75),
(351, 'R3', 'A03', 'C3', 0.75),
(352, 'R3', 'A03', 'C4', 0.25),
(353, 'R3', 'A03', 'C5', 0.75),
(354, 'R3', 'A03', 'C6', 0.8),
(355, 'R3', 'A04', 'C1', 0.5),
(356, 'R3', 'A04', 'C2', 0.75),
(357, 'R3', 'A04', 'C3', 0.75),
(358, 'R3', 'A04', 'C4', 0.75),
(359, 'R3', 'A04', 'C5', 0.75),
(360, 'R3', 'A04', 'C6', 0.8),
(361, 'R3', 'A05', 'C1', 0.5),
(362, 'R3', 'A05', 'C2', 0.5),
(363, 'R3', 'A05', 'C3', 0.25),
(364, 'R3', 'A05', 'C4', 0.25),
(365, 'R3', 'A05', 'C5', 0.75),
(366, 'R3', 'A05', 'C6', 0.8),
(367, 'R3', 'A06', 'C1', 0.5),
(368, 'R3', 'A06', 'C2', 0.5),
(369, 'R3', 'A06', 'C3', 0.25),
(370, 'R3', 'A06', 'C4', 0.25),
(371, 'R3', 'A06', 'C5', 0.75),
(372, 'R3', 'A06', 'C6', 0.75),
(373, 'R3', 'A07', 'C1', 0.5),
(374, 'R3', 'A07', 'C2', 0.5),
(375, 'R3', 'A07', 'C3', 0.5),
(376, 'R3', 'A07', 'C4', 0.75),
(377, 'R3', 'A07', 'C5', 0.25),
(378, 'R3', 'A07', 'C6', 0.75),
(379, 'R3', 'A08', 'C1', 0.5),
(380, 'R3', 'A08', 'C2', 0.5),
(381, 'R3', 'A08', 'C3', 0.75),
(382, 'R3', 'A08', 'C4', 0.75),
(383, 'R3', 'A08', 'C5', 0.75),
(384, 'R3', 'A08', 'C6', 0.5),
(385, 'R3', 'A09', 'C1', 0.5),
(386, 'R3', 'A09', 'C2', 0.5),
(387, 'R3', 'A09', 'C3', 0.5),
(388, 'R3', 'A09', 'C4', 0.5),
(389, 'R3', 'A09', 'C5', 0.75),
(390, 'R3', 'A09', 'C6', 0.5),
(391, 'R3', 'A10', 'C1', 0.5),
(392, 'R3', 'A10', 'C2', 0.5),
(393, 'R3', 'A10', 'C3', 0.5),
(394, 'R3', 'A10', 'C4', 0.5),
(395, 'R3', 'A10', 'C5', 0.75),
(396, 'R3', 'A10', 'C6', 0.5),
(397, 'R3', 'A11', 'C1', 0.5),
(398, 'R3', 'A11', 'C2', 0.5),
(399, 'R3', 'A11', 'C3', 0.5),
(400, 'R3', 'A11', 'C4', 0.5),
(401, 'R3', 'A11', 'C5', 0.75),
(402, 'R3', 'A11', 'C6', 0.5),
(403, 'R3', 'A12', 'C1', 0.5),
(404, 'R3', 'A12', 'C2', 0.75),
(405, 'R3', 'A12', 'C3', 0.75),
(406, 'R3', 'A12', 'C4', 0.75),
(407, 'R3', 'A12', 'C5', 0.5),
(408, 'R3', 'A12', 'C6', 0.75),
(409, 'R3', 'A13', 'C1', 0.5),
(410, 'R3', 'A13', 'C2', 0.5),
(411, 'R3', 'A13', 'C3', 0.5),
(412, 'R3', 'A13', 'C4', 0.75),
(413, 'R3', 'A13', 'C5', 0.5),
(414, 'R3', 'A13', 'C6', 0.75),
(415, 'R3', 'A14', 'C1', 0.5),
(416, 'R3', 'A14', 'C2', 0.5),
(417, 'R3', 'A14', 'C3', 0.5),
(418, 'R3', 'A14', 'C4', 0.5),
(419, 'R3', 'A14', 'C5', 0.5),
(420, 'R3', 'A14', 'C6', 0.75),
(421, 'R3', 'A15', 'C1', 0.5),
(422, 'R3', 'A15', 'C2', 0.5),
(423, 'R3', 'A15', 'C3', 0.5),
(424, 'R3', 'A15', 'C4', 0.5),
(425, 'R3', 'A15', 'C5', 0.5),
(426, 'R3', 'A15', 'C6', 0.75),
(427, 'R3', 'A16', 'C1', 0.5),
(428, 'R3', 'A16', 'C2', 0.5),
(429, 'R3', 'A16', 'C3', 0.5),
(430, 'R3', 'A16', 'C4', 0.75),
(431, 'R3', 'A16', 'C5', 0.5),
(432, 'R3', 'A16', 'C6', 0.75),
(433, 'R3', 'A17', 'C1', 0.5),
(434, 'R3', 'A17', 'C2', 0.5),
(435, 'R3', 'A17', 'C3', 0.5),
(436, 'R3', 'A17', 'C4', 0.5),
(437, 'R3', 'A17', 'C5', 0.5),
(438, 'R3', 'A17', 'C6', 0.75),
(439, 'R3', 'A18', 'C1', 0.5),
(440, 'R3', 'A18', 'C2', 0.5),
(441, 'R3', 'A18', 'C3', 0.5),
(442, 'R3', 'A18', 'C4', 0.5),
(443, 'R3', 'A18', 'C5', 0.5),
(444, 'R3', 'A18', 'C6', 0.75),
(445, 'R3', 'A19', 'C1', 0.5),
(446, 'R3', 'A19', 'C2', 0.75),
(447, 'R3', 'A19', 'C3', 0.75),
(448, 'R3', 'A19', 'C4', 0.75),
(449, 'R3', 'A19', 'C5', 0.5),
(450, 'R3', 'A19', 'C6', 0.8),
(451, 'R3', 'A20', 'C1', 0.5),
(452, 'R3', 'A20', 'C2', 0.5),
(453, 'R3', 'A20', 'C3', 0.5),
(454, 'R3', 'A20', 'C4', 0.75),
(455, 'R3', 'A20', 'C5', 0.5),
(456, 'R3', 'A20', 'C6', 0.75),
(457, 'R3', 'A21', 'C1', 0.85),
(458, 'R3', 'A21', 'C2', 0.8),
(459, 'R3', 'A21', 'C3', 0.75),
(460, 'R3', 'A21', 'C4', 0.75),
(461, 'R3', 'A21', 'C5', 0.75),
(462, 'R3', 'A21', 'C6', 0.75),
(463, 'R3', 'A22', 'C1', 0.5),
(464, 'R3', 'A22', 'C2', 0.5),
(465, 'R3', 'A22', 'C3', 0.5),
(466, 'R3', 'A22', 'C4', 0.75),
(467, 'R3', 'A22', 'C5', 0.5),
(468, 'R3', 'A22', 'C6', 0.5),
(469, 'R3', 'A23', 'C1', 0.5),
(470, 'R3', 'A23', 'C2', 0.75),
(471, 'R3', 'A23', 'C3', 0.75),
(472, 'R3', 'A23', 'C4', 0.75),
(473, 'R3', 'A23', 'C5', 0.8),
(474, 'R3', 'A23', 'C6', 0.5),
(475, 'R3', 'A24', 'C1', 0.5),
(476, 'R3', 'A24', 'C2', 0.75),
(477, 'R3', 'A24', 'C3', 0.75),
(478, 'R3', 'A24', 'C4', 0.5),
(479, 'R3', 'A24', 'C5', 0.5),
(480, 'R3', 'A24', 'C6', 0.75),
(481, 'R3', 'A25', 'C1', 0.5),
(482, 'R3', 'A25', 'C2', 0.5),
(483, 'R3', 'A25', 'C3', 0.5),
(484, 'R3', 'A25', 'C4', 0.75),
(485, 'R3', 'A25', 'C5', 0.75),
(486, 'R3', 'A25', 'C6', 0.75),
(487, 'R3', 'A26', 'C1', 0.5),
(488, 'R3', 'A26', 'C2', 0.5),
(489, 'R3', 'A26', 'C3', 0.5),
(490, 'R3', 'A26', 'C4', 0.5),
(491, 'R3', 'A26', 'C5', 0.5),
(492, 'R3', 'A26', 'C6', 0.5),
(493, 'R3', 'A27', 'C1', 0.5),
(494, 'R3', 'A27', 'C2', 0.5),
(495, 'R3', 'A27', 'C3', 0.5),
(496, 'R3', 'A27', 'C4', 0.5),
(497, 'R3', 'A27', 'C5', 0.75),
(498, 'R3', 'A27', 'C6', 0.75),
(499, 'R3', 'A28', 'C1', 0.5),
(500, 'R3', 'A28', 'C2', 0.75),
(501, 'R3', 'A28', 'C3', 0.5),
(502, 'R3', 'A28', 'C4', 0.5),
(503, 'R3', 'A28', 'C5', 0.5),
(504, 'R3', 'A28', 'C6', 0.8),
(505, 'R4', 'A01', 'C1', 0.75),
(506, 'R4', 'A01', 'C2', 0.75),
(507, 'R4', 'A01', 'C3', 0.75),
(508, 'R4', 'A01', 'C4', 0.5),
(509, 'R4', 'A01', 'C5', 0.75),
(510, 'R4', 'A01', 'C6', 0.75),
(511, 'R4', 'A02', 'C1', 0.25),
(512, 'R4', 'A02', 'C2', 0.75),
(513, 'R4', 'A02', 'C3', 0.75),
(514, 'R4', 'A02', 'C4', 0.75),
(515, 'R4', 'A02', 'C5', 0.75),
(516, 'R4', 'A02', 'C6', 0.75),
(517, 'R4', 'A03', 'C1', 0.5),
(518, 'R4', 'A03', 'C2', 0.75),
(519, 'R4', 'A03', 'C3', 0.75),
(520, 'R4', 'A03', 'C4', 0.25),
(521, 'R4', 'A03', 'C5', 0.75),
(522, 'R4', 'A03', 'C6', 0.75),
(523, 'R4', 'A04', 'C1', 0.5),
(524, 'R4', 'A04', 'C2', 0.75),
(525, 'R4', 'A04', 'C3', 0.75),
(526, 'R4', 'A04', 'C4', 0.5),
(527, 'R4', 'A04', 'C5', 0.75),
(528, 'R4', 'A04', 'C6', 0.75),
(529, 'R4', 'A05', 'C1', 0.75),
(530, 'R4', 'A05', 'C2', 0.75),
(531, 'R4', 'A05', 'C3', 0.75),
(532, 'R4', 'A05', 'C4', 0.75),
(533, 'R4', 'A05', 'C5', 0.75),
(534, 'R4', 'A05', 'C6', 0.75),
(535, 'R4', 'A06', 'C1', 0.5),
(536, 'R4', 'A06', 'C2', 0.75),
(537, 'R4', 'A06', 'C3', 0.75),
(538, 'R4', 'A06', 'C4', 0.75),
(539, 'R4', 'A06', 'C5', 0.75),
(540, 'R4', 'A06', 'C6', 0.75),
(541, 'R4', 'A07', 'C1', 0.75),
(542, 'R4', 'A07', 'C2', 0.75),
(543, 'R4', 'A07', 'C3', 0.75),
(544, 'R4', 'A07', 'C4', 0.75),
(545, 'R4', 'A07', 'C5', 0.75),
(546, 'R4', 'A07', 'C6', 0.75),
(547, 'R4', 'A08', 'C1', 0.5),
(548, 'R4', 'A08', 'C2', 0.75),
(549, 'R4', 'A08', 'C3', 0.75),
(550, 'R4', 'A08', 'C4', 0.75),
(551, 'R4', 'A08', 'C5', 0.75),
(552, 'R4', 'A08', 'C6', 0.75),
(553, 'R4', 'A09', 'C1', 0.5),
(554, 'R4', 'A09', 'C2', 0.75),
(555, 'R4', 'A09', 'C3', 0.75),
(556, 'R4', 'A09', 'C4', 0.75),
(557, 'R4', 'A09', 'C5', 0.75),
(558, 'R4', 'A09', 'C6', 0.75),
(559, 'R4', 'A10', 'C1', 0.75),
(560, 'R4', 'A10', 'C2', 0.75),
(561, 'R4', 'A10', 'C3', 0.75),
(562, 'R4', 'A10', 'C4', 0.75),
(563, 'R4', 'A10', 'C5', 0.75),
(564, 'R4', 'A10', 'C6', 0.75),
(565, 'R4', 'A11', 'C1', 0.5),
(566, 'R4', 'A11', 'C2', 0.75),
(567, 'R4', 'A11', 'C3', 0.75),
(568, 'R4', 'A11', 'C4', 0.75),
(569, 'R4', 'A11', 'C5', 0.75),
(570, 'R4', 'A11', 'C6', 0.75),
(571, 'R4', 'A12', 'C1', 0.5),
(572, 'R4', 'A12', 'C2', 0.75),
(573, 'R4', 'A12', 'C3', 0.75),
(574, 'R4', 'A12', 'C4', 0.75),
(575, 'R4', 'A12', 'C5', 0.75),
(576, 'R4', 'A12', 'C6', 0.75),
(577, 'R4', 'A13', 'C1', 0.75),
(578, 'R4', 'A13', 'C2', 0.75),
(579, 'R4', 'A13', 'C3', 0.75),
(580, 'R4', 'A13', 'C4', 0.75),
(581, 'R4', 'A13', 'C5', 0.75),
(582, 'R4', 'A13', 'C6', 0.75),
(583, 'R4', 'A14', 'C1', 0.5),
(584, 'R4', 'A14', 'C2', 0.75),
(585, 'R4', 'A14', 'C3', 0.75),
(586, 'R4', 'A14', 'C4', 0.75),
(587, 'R4', 'A14', 'C5', 0.75),
(588, 'R4', 'A14', 'C6', 0.75),
(589, 'R4', 'A15', 'C1', 0.75),
(590, 'R4', 'A15', 'C2', 0.75),
(591, 'R4', 'A15', 'C3', 0.75),
(592, 'R4', 'A15', 'C4', 0.75),
(593, 'R4', 'A15', 'C5', 0.75),
(594, 'R4', 'A15', 'C6', 0.75),
(595, 'R4', 'A16', 'C1', 0.75),
(596, 'R4', 'A16', 'C2', 0.75),
(597, 'R4', 'A16', 'C3', 0.75),
(598, 'R4', 'A16', 'C4', 0.75),
(599, 'R4', 'A16', 'C5', 0.75),
(600, 'R4', 'A16', 'C6', 0.75),
(601, 'R4', 'A17', 'C1', 0.5),
(602, 'R4', 'A17', 'C2', 0.75),
(603, 'R4', 'A17', 'C3', 0.75),
(604, 'R4', 'A17', 'C4', 0.75),
(605, 'R4', 'A17', 'C5', 0.75),
(606, 'R4', 'A17', 'C6', 0.75),
(607, 'R4', 'A18', 'C1', 0.75),
(608, 'R4', 'A18', 'C2', 0.75),
(609, 'R4', 'A18', 'C3', 0.75),
(610, 'R4', 'A18', 'C4', 0.75),
(611, 'R4', 'A18', 'C5', 0.75),
(612, 'R4', 'A18', 'C6', 0.8),
(613, 'R4', 'A19', 'C1', 0.5),
(614, 'R4', 'A19', 'C2', 0.75),
(615, 'R4', 'A19', 'C3', 0.75),
(616, 'R4', 'A19', 'C4', 0.75),
(617, 'R4', 'A19', 'C5', 0.75),
(618, 'R4', 'A19', 'C6', 0.8),
(619, 'R4', 'A20', 'C1', 0.75),
(620, 'R4', 'A20', 'C2', 0.75),
(621, 'R4', 'A20', 'C3', 0.75),
(622, 'R4', 'A20', 'C4', 0.75),
(623, 'R4', 'A20', 'C5', 0.75),
(624, 'R4', 'A20', 'C6', 0.75),
(625, 'R4', 'A21', 'C1', 0.75),
(626, 'R4', 'A21', 'C2', 0.75),
(627, 'R4', 'A21', 'C3', 0.75),
(628, 'R4', 'A21', 'C4', 0.75),
(629, 'R4', 'A21', 'C5', 0.8),
(630, 'R4', 'A21', 'C6', 0.75),
(631, 'R4', 'A22', 'C1', 0.75),
(632, 'R4', 'A22', 'C2', 0.75),
(633, 'R4', 'A22', 'C3', 0.75),
(634, 'R4', 'A22', 'C4', 0.75),
(635, 'R4', 'A22', 'C5', 0.75),
(636, 'R4', 'A22', 'C6', 0.75),
(637, 'R4', 'A23', 'C1', 0.75),
(638, 'R4', 'A23', 'C2', 0.75),
(639, 'R4', 'A23', 'C3', 0.75),
(640, 'R4', 'A23', 'C4', 0.75),
(641, 'R4', 'A23', 'C5', 0.75),
(642, 'R4', 'A23', 'C6', 0.75),
(643, 'R4', 'A24', 'C1', 0.75),
(644, 'R4', 'A24', 'C2', 0.75),
(645, 'R4', 'A24', 'C3', 0.75),
(646, 'R4', 'A24', 'C4', 0.75),
(647, 'R4', 'A24', 'C5', 0.75),
(648, 'R4', 'A24', 'C6', 0.75),
(649, 'R4', 'A25', 'C1', 0.75),
(650, 'R4', 'A25', 'C2', 0.75),
(651, 'R4', 'A25', 'C3', 0.75),
(652, 'R4', 'A25', 'C4', 0.75),
(653, 'R4', 'A25', 'C5', 0.75),
(654, 'R4', 'A25', 'C6', 0.75),
(655, 'R4', 'A26', 'C1', 0.75),
(656, 'R4', 'A26', 'C2', 0.75),
(657, 'R4', 'A26', 'C3', 0.75),
(658, 'R4', 'A26', 'C4', 0.75),
(659, 'R4', 'A26', 'C5', 0.75),
(660, 'R4', 'A26', 'C6', 0.75),
(661, 'R4', 'A27', 'C1', 0.75),
(662, 'R4', 'A27', 'C2', 0.75),
(663, 'R4', 'A27', 'C3', 0.75),
(664, 'R4', 'A27', 'C4', 0.75),
(665, 'R4', 'A27', 'C5', 0.75),
(666, 'R4', 'A27', 'C6', 0.8),
(667, 'R4', 'A28', 'C1', 0.5),
(668, 'R4', 'A28', 'C2', 0.75),
(669, 'R4', 'A28', 'C3', 0.75),
(670, 'R4', 'A28', 'C4', 0.75),
(671, 'R4', 'A28', 'C5', 0.75),
(672, 'R4', 'A28', 'C6', 0.75),
(673, 'R5', 'A01', 'C1', 0.5),
(674, 'R5', 'A01', 'C2', 0.5),
(675, 'R5', 'A01', 'C3', 0.75),
(676, 'R5', 'A01', 'C4', 0.5),
(677, 'R5', 'A01', 'C5', 0.75),
(678, 'R5', 'A01', 'C6', 0.8),
(679, 'R5', 'A02', 'C1', 0.5),
(680, 'R5', 'A02', 'C2', 0.55),
(681, 'R5', 'A02', 'C3', 0.75),
(682, 'R5', 'A02', 'C4', 0.75),
(683, 'R5', 'A02', 'C5', 0.75),
(684, 'R5', 'A02', 'C6', 0.75),
(685, 'R5', 'A03', 'C1', 0.5),
(686, 'R5', 'A03', 'C2', 0.5),
(687, 'R5', 'A03', 'C3', 0.75),
(688, 'R5', 'A03', 'C4', 0.25),
(689, 'R5', 'A03', 'C5', 0.75),
(690, 'R5', 'A03', 'C6', 0.8),
(691, 'R5', 'A04', 'C1', 0.5),
(692, 'R5', 'A04', 'C2', 0.5),
(693, 'R5', 'A04', 'C3', 0.75),
(694, 'R5', 'A04', 'C4', 0.5),
(695, 'R5', 'A04', 'C5', 0.75),
(696, 'R5', 'A04', 'C6', 0.75),
(697, 'R5', 'A05', 'C1', 0.5),
(698, 'R5', 'A05', 'C2', 0.5),
(699, 'R5', 'A05', 'C3', 0.75),
(700, 'R5', 'A05', 'C4', 0.25),
(701, 'R5', 'A05', 'C5', 0.75),
(702, 'R5', 'A05', 'C6', 0.8),
(703, 'R5', 'A06', 'C1', 0.5),
(704, 'R5', 'A06', 'C2', 0.5),
(705, 'R5', 'A06', 'C3', 0.75),
(706, 'R5', 'A06', 'C4', 0.25),
(707, 'R5', 'A06', 'C5', 0.75),
(708, 'R5', 'A06', 'C6', 0.8),
(709, 'R5', 'A07', 'C1', 0.5),
(710, 'R5', 'A07', 'C2', 0.5),
(711, 'R5', 'A07', 'C3', 0.75),
(712, 'R5', 'A07', 'C4', 0.5),
(713, 'R5', 'A07', 'C5', 0.75),
(714, 'R5', 'A07', 'C6', 0.8),
(715, 'R5', 'A08', 'C1', 0.5),
(716, 'R5', 'A08', 'C2', 0.5),
(717, 'R5', 'A08', 'C3', 0.75),
(718, 'R5', 'A08', 'C4', 0.5),
(719, 'R5', 'A08', 'C5', 0.75),
(720, 'R5', 'A08', 'C6', 0.5),
(721, 'R5', 'A09', 'C1', 0.5),
(722, 'R5', 'A09', 'C2', 0.5),
(723, 'R5', 'A09', 'C3', 0.75),
(724, 'R5', 'A09', 'C4', 0.5),
(725, 'R5', 'A09', 'C5', 0.75),
(726, 'R5', 'A09', 'C6', 0.75),
(727, 'R5', 'A10', 'C1', 0.5),
(728, 'R5', 'A10', 'C2', 0.5),
(729, 'R5', 'A10', 'C3', 0.75),
(730, 'R5', 'A10', 'C4', 0.5),
(731, 'R5', 'A10', 'C5', 0.75),
(732, 'R5', 'A10', 'C6', 0.8),
(733, 'R5', 'A11', 'C1', 0.5),
(734, 'R5', 'A11', 'C2', 0.5),
(735, 'R5', 'A11', 'C3', 0.75),
(736, 'R5', 'A11', 'C4', 0.5),
(737, 'R5', 'A11', 'C5', 0.75),
(738, 'R5', 'A11', 'C6', 0.8),
(739, 'R5', 'A12', 'C1', 0.75),
(740, 'R5', 'A12', 'C2', 0.75),
(741, 'R5', 'A12', 'C3', 0.75),
(742, 'R5', 'A12', 'C4', 0.75),
(743, 'R5', 'A12', 'C5', 0.75),
(744, 'R5', 'A12', 'C6', 0.8),
(745, 'R5', 'A13', 'C1', 0.5),
(746, 'R5', 'A13', 'C2', 0.5),
(747, 'R5', 'A13', 'C3', 0.75),
(748, 'R5', 'A13', 'C4', 0.5),
(749, 'R5', 'A13', 'C5', 0.75),
(750, 'R5', 'A13', 'C6', 0.8),
(751, 'R5', 'A14', 'C1', 0.5),
(752, 'R5', 'A14', 'C2', 0.5),
(753, 'R5', 'A14', 'C3', 0.75),
(754, 'R5', 'A14', 'C4', 0.75),
(755, 'R5', 'A14', 'C5', 0.75),
(756, 'R5', 'A14', 'C6', 0.8),
(757, 'R5', 'A15', 'C1', 0.75),
(758, 'R5', 'A15', 'C2', 0.5),
(759, 'R5', 'A15', 'C3', 0.75),
(760, 'R5', 'A15', 'C4', 0.5),
(761, 'R5', 'A15', 'C5', 0.75),
(762, 'R5', 'A15', 'C6', 0.8),
(763, 'R5', 'A16', 'C1', 0.5),
(764, 'R5', 'A16', 'C2', 0.5),
(765, 'R5', 'A16', 'C3', 0.75),
(766, 'R5', 'A16', 'C4', 0.5),
(767, 'R5', 'A16', 'C5', 0.75),
(768, 'R5', 'A16', 'C6', 0.8),
(769, 'R5', 'A17', 'C1', 0.5),
(770, 'R5', 'A17', 'C2', 0.5),
(771, 'R5', 'A17', 'C3', 0.75),
(772, 'R5', 'A17', 'C4', 0.5),
(773, 'R5', 'A17', 'C5', 0.75),
(774, 'R5', 'A17', 'C6', 0.75),
(775, 'R5', 'A18', 'C1', 0.5),
(776, 'R5', 'A18', 'C2', 0.5),
(777, 'R5', 'A18', 'C3', 0.75),
(778, 'R5', 'A18', 'C4', 0.5),
(779, 'R5', 'A18', 'C5', 0.75),
(780, 'R5', 'A18', 'C6', 0.8),
(781, 'R5', 'A19', 'C1', 0.5),
(782, 'R5', 'A19', 'C2', 0.5),
(783, 'R5', 'A19', 'C3', 0.75),
(784, 'R5', 'A19', 'C4', 0.5),
(785, 'R5', 'A19', 'C5', 0.75),
(786, 'R5', 'A19', 'C6', 0.8),
(787, 'R5', 'A20', 'C1', 0.5),
(788, 'R5', 'A20', 'C2', 0.5),
(789, 'R5', 'A20', 'C3', 0.75),
(790, 'R5', 'A20', 'C4', 0.5),
(791, 'R5', 'A20', 'C5', 0.75),
(792, 'R5', 'A20', 'C6', 0.8),
(793, 'R5', 'A21', 'C1', 0.5),
(794, 'R5', 'A21', 'C2', 0.5),
(795, 'R5', 'A21', 'C3', 0.75),
(796, 'R5', 'A21', 'C4', 0.5),
(797, 'R5', 'A21', 'C5', 0.75),
(798, 'R5', 'A21', 'C6', 0.8),
(799, 'R5', 'A22', 'C1', 0.5),
(800, 'R5', 'A22', 'C2', 0.5),
(801, 'R5', 'A22', 'C3', 0.75),
(802, 'R5', 'A22', 'C4', 0.5),
(803, 'R5', 'A22', 'C5', 0.75),
(804, 'R5', 'A22', 'C6', 0.8),
(805, 'R5', 'A23', 'C1', 0.75),
(806, 'R5', 'A23', 'C2', 0.75),
(807, 'R5', 'A23', 'C3', 0.75),
(808, 'R5', 'A23', 'C4', 0.75),
(809, 'R5', 'A23', 'C5', 0.75),
(810, 'R5', 'A23', 'C6', 0.75),
(811, 'R5', 'A24', 'C1', 0.5),
(812, 'R5', 'A24', 'C2', 0.5),
(813, 'R5', 'A24', 'C3', 0.75),
(814, 'R5', 'A24', 'C4', 0.75),
(815, 'R5', 'A24', 'C5', 0.75),
(816, 'R5', 'A24', 'C6', 0.75),
(817, 'R5', 'A25', 'C1', 0.5),
(818, 'R5', 'A25', 'C2', 0.5),
(819, 'R5', 'A25', 'C3', 0.75),
(820, 'R5', 'A25', 'C4', 0.75),
(821, 'R5', 'A25', 'C5', 0.75),
(822, 'R5', 'A25', 'C6', 0.75),
(823, 'R5', 'A26', 'C1', 0.5),
(824, 'R5', 'A26', 'C2', 0.5),
(825, 'R5', 'A26', 'C3', 0.75),
(826, 'R5', 'A26', 'C4', 0.75),
(827, 'R5', 'A26', 'C5', 0.75),
(828, 'R5', 'A26', 'C6', 0.75),
(829, 'R5', 'A27', 'C1', 0.5),
(830, 'R5', 'A27', 'C2', 0.5),
(831, 'R5', 'A27', 'C3', 0.75),
(832, 'R5', 'A27', 'C4', 0.75),
(833, 'R5', 'A27', 'C5', 0.75),
(834, 'R5', 'A27', 'C6', 0.8),
(835, 'R5', 'A28', 'C1', 0.5),
(836, 'R5', 'A28', 'C2', 0.5),
(837, 'R5', 'A28', 'C3', 0.75),
(838, 'R5', 'A28', 'C4', 0.5),
(839, 'R5', 'A28', 'C5', 0.75),
(840, 'R5', 'A28', 'C6', 0.75),
(841, 'R6', 'A01', 'C1', 0.75),
(842, 'R6', 'A01', 'C2', 0.75),
(843, 'R6', 'A01', 'C3', 0.75),
(844, 'R6', 'A01', 'C4', 0.5),
(845, 'R6', 'A01', 'C5', 0.5),
(846, 'R6', 'A01', 'C6', 0.8),
(847, 'R6', 'A02', 'C1', 0.75),
(848, 'R6', 'A02', 'C2', 0.25),
(849, 'R6', 'A02', 'C3', 0.75),
(850, 'R6', 'A02', 'C4', 0.25),
(851, 'R6', 'A02', 'C5', 0.25),
(852, 'R6', 'A02', 'C6', 0.8),
(853, 'R6', 'A03', 'C1', 0.75),
(854, 'R6', 'A03', 'C2', 0.75),
(855, 'R6', 'A03', 'C3', 0.75),
(856, 'R6', 'A03', 'C4', 0.25),
(857, 'R6', 'A03', 'C5', 0.5),
(858, 'R6', 'A03', 'C6', 0.8),
(859, 'R6', 'A04', 'C1', 0.75),
(860, 'R6', 'A04', 'C2', 0.75),
(861, 'R6', 'A04', 'C3', 0.8),
(862, 'R6', 'A04', 'C4', 0.75),
(863, 'R6', 'A04', 'C5', 0.25),
(864, 'R6', 'A04', 'C6', 0.8),
(865, 'R6', 'A05', 'C1', 0.75),
(866, 'R6', 'A05', 'C2', 0.75),
(867, 'R6', 'A05', 'C3', 0.75),
(868, 'R6', 'A05', 'C4', 0.8),
(869, 'R6', 'A05', 'C5', 0.25),
(870, 'R6', 'A05', 'C6', 0.8),
(871, 'R6', 'A06', 'C1', 0.75),
(872, 'R6', 'A06', 'C2', 0.5),
(873, 'R6', 'A06', 'C3', 0.25),
(874, 'R6', 'A06', 'C4', 0.25),
(875, 'R6', 'A06', 'C5', 0.25),
(876, 'R6', 'A06', 'C6', 0.8),
(877, 'R6', 'A07', 'C1', 0.75),
(878, 'R6', 'A07', 'C2', 0.5),
(879, 'R6', 'A07', 'C3', 0.5),
(880, 'R6', 'A07', 'C4', 0.8),
(881, 'R6', 'A07', 'C5', 0.25),
(882, 'R6', 'A07', 'C6', 0.8),
(883, 'R6', 'A08', 'C1', 0.5),
(884, 'R6', 'A08', 'C2', 0.85),
(885, 'R6', 'A08', 'C3', 0.85),
(886, 'R6', 'A08', 'C4', 0.85),
(887, 'R6', 'A08', 'C5', 0.85),
(888, 'R6', 'A08', 'C6', 0.75),
(889, 'R6', 'A09', 'C1', 0.5),
(890, 'R6', 'A09', 'C2', 0.75),
(891, 'R6', 'A09', 'C3', 0.5),
(892, 'R6', 'A09', 'C4', 0.75),
(893, 'R6', 'A09', 'C5', 0.75),
(894, 'R6', 'A09', 'C6', 0.5),
(895, 'R6', 'A10', 'C1', 0.5),
(896, 'R6', 'A10', 'C2', 0.5),
(897, 'R6', 'A10', 'C3', 0.5),
(898, 'R6', 'A10', 'C4', 0.75),
(899, 'R6', 'A10', 'C5', 0.75),
(900, 'R6', 'A10', 'C6', 0.75),
(901, 'R6', 'A11', 'C1', 0.5),
(902, 'R6', 'A11', 'C2', 0.5),
(903, 'R6', 'A11', 'C3', 0.5),
(904, 'R6', 'A11', 'C4', 0.85),
(905, 'R6', 'A11', 'C5', 0.75),
(906, 'R6', 'A11', 'C6', 0.75),
(907, 'R6', 'A12', 'C1', 0.5),
(908, 'R6', 'A12', 'C2', 0.75),
(909, 'R6', 'A12', 'C3', 0.75),
(910, 'R6', 'A12', 'C4', 0.75),
(911, 'R6', 'A12', 'C5', 0.5),
(912, 'R6', 'A12', 'C6', 0.8),
(913, 'R6', 'A13', 'C1', 0.75),
(914, 'R6', 'A13', 'C2', 0.75),
(915, 'R6', 'A13', 'C3', 0.75),
(916, 'R6', 'A13', 'C4', 0.75),
(917, 'R6', 'A13', 'C5', 0.5),
(918, 'R6', 'A13', 'C6', 0.8),
(919, 'R6', 'A14', 'C1', 0.5),
(920, 'R6', 'A14', 'C2', 0.5),
(921, 'R6', 'A14', 'C3', 0.5),
(922, 'R6', 'A14', 'C4', 0.75),
(923, 'R6', 'A14', 'C5', 0.5),
(924, 'R6', 'A14', 'C6', 0.8),
(925, 'R6', 'A15', 'C1', 0.5),
(926, 'R6', 'A15', 'C2', 0.5),
(927, 'R6', 'A15', 'C3', 0.5),
(928, 'R6', 'A15', 'C4', 0.75),
(929, 'R6', 'A15', 'C5', 0.5),
(930, 'R6', 'A15', 'C6', 0.8),
(931, 'R6', 'A16', 'C1', 0.5),
(932, 'R6', 'A16', 'C2', 0.5),
(933, 'R6', 'A16', 'C3', 0.5),
(934, 'R6', 'A16', 'C4', 0.75),
(935, 'R6', 'A16', 'C5', 0.5),
(936, 'R6', 'A16', 'C6', 0.8),
(937, 'R6', 'A17', 'C1', 0.75),
(938, 'R6', 'A17', 'C2', 0.85),
(939, 'R6', 'A17', 'C3', 0.8),
(940, 'R6', 'A17', 'C4', 0.85),
(941, 'R6', 'A17', 'C5', 0.5),
(942, 'R6', 'A17', 'C6', 0.8),
(943, 'R6', 'A18', 'C1', 0.8),
(944, 'R6', 'A18', 'C2', 0.85),
(945, 'R6', 'A18', 'C3', 0.8),
(946, 'R6', 'A18', 'C4', 0.85),
(947, 'R6', 'A18', 'C5', 0.5),
(948, 'R6', 'A18', 'C6', 0.8),
(949, 'R6', 'A19', 'C1', 0.75),
(950, 'R6', 'A19', 'C2', 0.75),
(951, 'R6', 'A19', 'C3', 0.75),
(952, 'R6', 'A19', 'C4', 0.5),
(953, 'R6', 'A19', 'C5', 0.5),
(954, 'R6', 'A19', 'C6', 0.8),
(955, 'R6', 'A20', 'C1', 0.5),
(956, 'R6', 'A20', 'C2', 0.75),
(957, 'R6', 'A20', 'C3', 0.75),
(958, 'R6', 'A20', 'C4', 0.5),
(959, 'R6', 'A20', 'C5', 0.5),
(960, 'R6', 'A20', 'C6', 0.8),
(961, 'R6', 'A21', 'C1', 0.85),
(962, 'R6', 'A21', 'C2', 0.85),
(963, 'R6', 'A21', 'C3', 0.85),
(964, 'R6', 'A21', 'C4', 0.85),
(965, 'R6', 'A21', 'C5', 0.75),
(966, 'R6', 'A21', 'C6', 0.75),
(967, 'R6', 'A22', 'C1', 0.5),
(968, 'R6', 'A22', 'C2', 0.5),
(969, 'R6', 'A22', 'C3', 0.5),
(970, 'R6', 'A22', 'C4', 0.5),
(971, 'R6', 'A22', 'C5', 0.5),
(972, 'R6', 'A22', 'C6', 0.8),
(973, 'R6', 'A23', 'C1', 0.5),
(974, 'R6', 'A23', 'C2', 0.75),
(975, 'R6', 'A23', 'C3', 0.5),
(976, 'R6', 'A23', 'C4', 0.5),
(977, 'R6', 'A23', 'C5', 0.8),
(978, 'R6', 'A23', 'C6', 0.5),
(979, 'R6', 'A24', 'C1', 0.5),
(980, 'R6', 'A24', 'C2', 0.5),
(981, 'R6', 'A24', 'C3', 0.5),
(982, 'R6', 'A24', 'C4', 0.75),
(983, 'R6', 'A24', 'C5', 0.75),
(984, 'R6', 'A24', 'C6', 0.8),
(985, 'R6', 'A25', 'C1', 0.75),
(986, 'R6', 'A25', 'C2', 0.8),
(987, 'R6', 'A25', 'C3', 0.75),
(988, 'R6', 'A25', 'C4', 0.75),
(989, 'R6', 'A25', 'C5', 0.5),
(990, 'R6', 'A25', 'C6', 0.5),
(991, 'R6', 'A26', 'C1', 0.5),
(992, 'R6', 'A26', 'C2', 0.5),
(993, 'R6', 'A26', 'C3', 0.5),
(994, 'R6', 'A26', 'C4', 0.75),
(995, 'R6', 'A26', 'C5', 0.5),
(996, 'R6', 'A26', 'C6', 0.8),
(997, 'R6', 'A27', 'C1', 0.5),
(998, 'R6', 'A27', 'C2', 0.75),
(999, 'R6', 'A27', 'C3', 0.5),
(1000, 'R6', 'A27', 'C4', 0.75),
(1001, 'R6', 'A27', 'C5', 0.8),
(1002, 'R6', 'A27', 'C6', 0.75),
(1003, 'R6', 'A28', 'C1', 0.5),
(1004, 'R6', 'A28', 'C2', 0.5),
(1005, 'R6', 'A28', 'C3', 0.75),
(1006, 'R6', 'A28', 'C4', 0.75),
(1007, 'R6', 'A28', 'C5', 0.5),
(1008, 'R6', 'A28', 'C6', 0.8);

-- --------------------------------------------------------

--
-- Table structure for table `saw_subkriteria`
--

CREATE TABLE `saw_subkriteria` (
  `id_sub` varchar(3) NOT NULL,
  `id_kriteria` varchar(2) DEFAULT NULL,
  `nama_subkriteria` varchar(14) DEFAULT NULL,
  `bobot_min` double DEFAULT NULL,
  `bobot_max` double DEFAULT NULL
) ENGINE=InnoDB DEFAULT CHARSET=latin1;

--
-- Dumping data for table `saw_subkriteria`
--

INSERT INTO `saw_subkriteria` (`id_sub`, `id_kriteria`, `nama_subkriteria`, `bobot_min`, `bobot_max`) VALUES
('C11', 'C1', 'Murah', 0.25, 0.5),
('C12', 'C1', 'Cukup Mahal', 0.55, 0.75),
('C13', 'C1', 'Mahal', 0.8, 0.95),
('C21', 'C2', 'Kurang Lengkap', 0.25, 0.5),
('C22', 'C2', 'Cukup Lengkap', 0.55, 0.75),
('C23', 'C2', 'Lengkap', 0.8, 0.95),
('C31', 'C3', 'Kurang Aman', 0.25, 0.5),
('C32', 'C3', 'Cukup Aman', 0.55, 0.75),
('C33', 'C3', 'Aman', 0.8, 0.95),
('C41', 'C4', 'Kurang Bersih', 0.25, 0.5),
('C42', 'C4', 'Cukup Bersih', 0.55, 0.75),
('C43', 'C4', 'Bersih', 0.8, 0.95),
('C51', 'C5', 'Sulit', 0.25, 0.5),
('C52', 'C5', 'Kurang Mudah', 0.55, 0.75),
('C53', 'C5', 'Mudah', 0.8, 0.95),
('C61', 'C6', 'Dekat', 0.25, 0.5),
('C62', 'C6', 'Cukup Jauh', 0.55, 0.75),
('C63', 'C6', 'Jauh', 0.8, 0.95);

-- --------------------------------------------------------

--
-- Table structure for table `user`
--

CREATE TABLE `user` (
  `id` varchar(4) NOT NULL,
  `level` enum('admin','user') NOT NULL,
  `username` varchar(100) NOT NULL,
  `password` varchar(100) NOT NULL,
  `nama_lengkap` varchar(100) NOT NULL
) ENGINE=InnoDB DEFAULT CHARSET=latin1;

--
-- Dumping data for table `user`
--

INSERT INTO `user` (`id`, `level`, `username`, `password`, `nama_lengkap`) VALUES
('R0', 'admin', 'admin', '21232f297a57a5a743894a0e4a801fc3', 'Diah Widiawati'),
('R1', 'user', 'responden1', '24c9e15e52afc47c225b757e7bee1f9d', 'Rizki Fauzi'),
('R2', 'user', 'responden2', '24c9e15e52afc47c225b757e7bee1f9d', 'Risma Nurdianti'),
('R3', 'user', 'responden3', '92877af70a45fd6a2ed7fe81e1236b78', 'Angga Noviawan'),
('R4', 'user', 'responden4', '3f02ebe3d7929b091e3d8ccfde2f3bc6', 'Ahmad Fauzi'),
('R5', 'user', 'responden5', '0a791842f52a0acfbb3a783378c066b8', 'Novianti');

--
-- Indexes for dumped tables
--

--
-- Indexes for table `company`
--
ALTER TABLE `company`
  ADD PRIMARY KEY (`id`);

--
-- Indexes for table `maut_normalisasi`
--
ALTER TABLE `maut_normalisasi`
  ADD PRIMARY KEY (`id`),
  ADD KEY `id_alternatif` (`id_alternatif`,`id_kriteria`),
  ADD KEY `id_kriteria` (`id_kriteria`);

--
-- Indexes for table `saw_alternatif`
--
ALTER TABLE `saw_alternatif`
  ADD PRIMARY KEY (`id_alternatif`);

--
-- Indexes for table `saw_kriteria`
--
ALTER TABLE `saw_kriteria`
  ADD PRIMARY KEY (`id_kriteria`);

--
-- Indexes for table `saw_normalisasi`
--
ALTER TABLE `saw_normalisasi`
  ADD PRIMARY KEY (`id`),
  ADD KEY `id_kriteria` (`id_kriteria`),
  ADD KEY `id_alternatif` (`id_alternatif`) USING BTREE;

--
-- Indexes for table `saw_responden`
--
ALTER TABLE `saw_responden`
  ADD PRIMARY KEY (`id`),
  ADD KEY `id_responden` (`id_responden`,`id_alternatif`,`id_kriteria`),
  ADD KEY `id_kriteria` (`id_kriteria`),
  ADD KEY `id_alternatif` (`id_alternatif`);

--
-- Indexes for table `saw_subkriteria`
--
ALTER TABLE `saw_subkriteria`
  ADD PRIMARY KEY (`id_sub`),
  ADD KEY `id_kriteria` (`id_kriteria`);

--
-- Indexes for table `user`
--
ALTER TABLE `user`
  ADD PRIMARY KEY (`id`);

--
-- AUTO_INCREMENT for dumped tables
--

--
-- AUTO_INCREMENT for table `company`
--
ALTER TABLE `company`
  MODIFY `id` int(11) NOT NULL AUTO_INCREMENT, AUTO_INCREMENT=2;

--
-- AUTO_INCREMENT for table `maut_normalisasi`
--
ALTER TABLE `maut_normalisasi`
  MODIFY `id` int(2) NOT NULL AUTO_INCREMENT, AUTO_INCREMENT=169;

--
-- AUTO_INCREMENT for table `saw_normalisasi`
--
ALTER TABLE `saw_normalisasi`
  MODIFY `id` int(11) NOT NULL AUTO_INCREMENT, AUTO_INCREMENT=169;

--
-- AUTO_INCREMENT for table `saw_responden`
--
ALTER TABLE `saw_responden`
  MODIFY `id` int(11) NOT NULL AUTO_INCREMENT, AUTO_INCREMENT=1009;

--
-- Constraints for dumped tables
--

--
-- Constraints for table `maut_normalisasi`
--
ALTER TABLE `maut_normalisasi`
  ADD CONSTRAINT `maut_normalisasi_ibfk_1` FOREIGN KEY (`id_kriteria`) REFERENCES `saw_kriteria` (`id_kriteria`) ON UPDATE CASCADE,
  ADD CONSTRAINT `maut_normalisasi_ibfk_2` FOREIGN KEY (`id_alternatif`) REFERENCES `saw_alternatif` (`id_alternatif`) ON UPDATE CASCADE;

--
-- Constraints for table `saw_normalisasi`
--
ALTER TABLE `saw_normalisasi`
  ADD CONSTRAINT `saw_normalisasi_ibfk_1` FOREIGN KEY (`id_kriteria`) REFERENCES `saw_kriteria` (`id_kriteria`) ON DELETE CASCADE,
  ADD CONSTRAINT `saw_normalisasi_ibfk_2` FOREIGN KEY (`id_alternatif`) REFERENCES `saw_alternatif` (`id_alternatif`) ON DELETE CASCADE;

--
-- Constraints for table `saw_responden`
--
ALTER TABLE `saw_responden`
  ADD CONSTRAINT `saw_responden_ibfk_1` FOREIGN KEY (`id_kriteria`) REFERENCES `saw_kriteria` (`id_kriteria`) ON DELETE NO ACTION ON UPDATE NO ACTION,
  ADD CONSTRAINT `saw_responden_ibfk_2` FOREIGN KEY (`id_alternatif`) REFERENCES `saw_alternatif` (`id_alternatif`) ON DELETE NO ACTION ON UPDATE NO ACTION;

--
-- Constraints for table `saw_subkriteria`
--
ALTER TABLE `saw_subkriteria`
  ADD CONSTRAINT `saw_subkriteria_ibfk_1` FOREIGN KEY (`id_kriteria`) REFERENCES `saw_kriteria` (`id_kriteria`) ON DELETE CASCADE;
COMMIT;

/*!40101 SET CHARACTER_SET_CLIENT=@OLD_CHARACTER_SET_CLIENT */;
/*!40101 SET CHARACTER_SET_RESULTS=@OLD_CHARACTER_SET_RESULTS */;
/*!40101 SET COLLATION_CONNECTION=@OLD_COLLATION_CONNECTION */;
